Type,Date,Part of a policing operation,Policing operation,Latitude,Longitude,Gender,Age range,Self-defined ethnicity,Officer-defined ethnicity,Legislation,Object of search,Outcome,Outcome linked to object of search,Removal of more than just outer clothing
Person search,2019-08-01T00:46:59+00:00,,,51.508066,-0.087780,Male,25-34,White - Any other White background,White,Police and Criminal Evidence Act 1984 (section 1),,Arrest,True,False
Person search,2019-08-01T02:05:38+00:00,,,51.508066,-0.087780,Male,25-34,Other ethnic group - Not stated,White,Police and Criminal Evidence Act 1984 (section 1),Evidence of offences under the Act,Arrest,True,False
Person search,2019-08-02T00:51:32+00:00,,,51.517431,-0.082458,Female,,,,Police and Criminal Evidence Act 1984 (section 1),Stolen goods,A no further action disposal,False,True
Person search,2019-08-02T00:59:33+00:00,,,51.516351,-0.082965,Male,25-34,Mixed/Multiple ethnic groups - Any other Mixed/Multiple ethnic background,Other,Misuse of Drugs Act 1971 (section 23),Controlled drugs,Khat or Cannabis warning,True,False
Person search,2019-08-02T01:14:28+00:00,,,,,Female,18-24,Black/African/Caribbean/Black British - Caribbean,Black,Misuse of Drugs Act 1971 (section 23),Controlled drugs,A no further action disposal,False,False
Person and Vehicle search,2019-08-02T01:35:54+00:00,,,51.504764,-0.113192,Male,25-34,Other ethnic group - Not stated,Asian,Police and Criminal Evidence Act 1984 (section 1),Offensive weapons,Arrest,True,False
Person and Vehicle search,2019-08-02T02:47:03+00:00,,,51.517680,-0.078484,Male,25-34,White - English/Welsh/Scottish/Northern Irish/British,White,Misuse of Drugs Act 1971 (section 23),Controlled drugs,A no further action disposal,False,False
Person and Vehicle search,2019-08-02T03:08:27+00:00,,,51.517146,-0.098642,Male,over 34,Asian/Asian British - Any other Asian background,Asian,Misuse of Drugs Act 1971 (section 23),Evidence of offences under the Act,A no further action disposal,False,False
Person search,2019-08-02T03:23:44+00:00,,,51.517680,-0.078484,Male,,White - English/Welsh/Scottish/Northern Irish/British,White,Misuse of Drugs Act 1971 (section 23),Evidence of offences under the Act,A no further action disposal,False,False
Person search,2019-08-02T05:05:02+00:00,,,,,Male,over 34,Other ethnic group - Not stated,Black,Police and Criminal Evidence Act 1984 (section 1),Stolen goods,A no further action disposal,False,False
Person and Vehicle search,2019-08-02T06:26:49+00:00,,,,,Male,25-34,Other ethnic group - Not stated,White,Misuse of Drugs Act 1971 (section 23),Controlled drugs,Arrest,True,False
Person search,2019-08-02T07:07:28+00:00,,,,,Male,18-24,Other ethnic group - Not stated,Black,Misuse of Drugs Act 1971 (section 23),Controlled drugs,A no further action disposal,False,False
Person search,2019-08-02T07:25:21+00:00,,,,,Male,25-34,Other ethnic group - Not stated,Black,Misuse of Drugs Act 1971 (section 23),Controlled drugs,A no further action disposal,False,False
Person and Vehicle search,2019-08-02T08:25:08+00:00,,,,,Female,18-24,Other ethnic group - Not stated,Black,Misuse of Drugs Act 1971 (section 23),Controlled drugs,A no further action disposal,False,False
Person search,2019-08-02T08:30:51+00:00,,,,,Female,18-24,Other ethnic group - Not stated,Black,Misuse of Drugs Act 1971 (section 23),Controlled drugs,A no further action disposal,False,False
Person search,2019-08-02T11:17:05+00:00,,,,,Male,18-24,White - Any other White background,White,Misuse of Drugs Act 1971 (section 23),Controlled drugs,Khat or Cannabis warning,True,False
Person and Vehicle search,2019-08-03T02:09:10+00:00,,,51.514151,-0.074958,Male,25-34,Other ethnic group - Not stated,Asian,Psychoactive Substances Act 2016 (s36(2)),Psychoactive substances,A no further action disposal,True,False
Person and Vehicle search,2019-08-03T02:23:16+00:00,,,51.514151,-0.074958,Male,25-34,Other ethnic group - Not stated,Asian,Psychoactive Substances Act 2016 (s36(2)),Psychoactive substances,A no further action disposal,False,False
Person search,2019-08-03T02:33:03+00:00,,,,,Male,over 34,Black/African/Caribbean/Black British - Caribbean,Black,Police and Criminal Evidence Act 1984 (section 1),Stolen goods,Arrest,True,False
Person and Vehicle search,2019-08-03T05:16:58+00:00,,,51.517680,-0.078484,Male,25-34,Other ethnic group - Not stated,White,Misuse of Drugs Act 1971 (section 23),Controlled drugs,Arrest,True,False
Person search,2019-08-03T11:13:15+00:00,,,,,Male,18-24,Mixed/Multiple ethnic groups - Any other Mixed/Multiple ethnic background,Black,Police and Criminal Evidence Act 1984 (section 1),Offensive weapons,A no further action disposal,False,False
Person search,2019-08-04T05:42:51+00:00,,,51.514151,-0.074958,Male,25-34,Asian/Asian British - Pakistani,Asian,Misuse of Drugs Act 1971 (section 23),Controlled drugs,Khat or Cannabis warning,True,False
Person and Vehicle search,2019-08-04T05:52:25+00:00,,,51.514151,-0.074958,Male,25-34,Asian/Asian British - Pakistani,Asian,Misuse of Drugs Act 1971 (section 23),Controlled drugs,Khat or Cannabis warning,True,False
Person search,2019-08-04T05:55:24+00:00,,,51.514151,-0.074958,Male,,,,Misuse of Drugs Act 1971 (section 23),Controlled drugs,Khat or Cannabis warning,True,False
Person search,2019-08-04T05:56:53+00:00,,,51.514151,-0.074958,Male,,,,Misuse of Drugs Act 1971 (section 23),Controlled drugs,Khat or Cannabis warning,False,False
Person search,2019-08-04T06:22:58+00:00,,,51.513171,-0.077694,Male,18-24,Other ethnic group - Not stated,Asian,Misuse of Drugs Act 1971 (section 23),Controlled drugs,A no further action disposal,False,False
Person search,2019-08-05T00:04:55+00:00,,,51.506255,-0.074901,Male,25-34,White - Any other White background,White,Police and Criminal Evidence Act 1984 (section 1),,A no further action disposal,False,False
Person search,2019-08-05T00:17:20+00:00,,,51.506255,-0.074901,Male,18-24,White - Any other White background,White,Police and Criminal Evidence Act 1984 (section 1),,A no further action disposal,False,False
Person and Vehicle search,2019-08-05T01:57:41+00:00,,,51.512545,-0.096643,Male,over 34,White - English/Welsh/Scottish/Northern Irish/British,White,Misuse of Drugs Act 1971 (section 23),Controlled drugs,Khat or Cannabis warning,True,False
Person search,2019-08-05T08:03:04+00:00,,,51.518864,-0.097562,Male,25-34,Other ethnic group - Not stated,White,Police and Criminal Evidence Act 1984 (section 1),Stolen goods,A no further action disposal,False,False
Person search,2019-08-05T08:27:06+00:00,,,51.518864,-0.097562,Male,over 34,Other ethnic group - Not stated,White,Police and Criminal Evidence Act 1984 (section 1),Article for use in theft,A no further action disposal,False,False
Person and Vehicle search,2019-08-05T08:56:25+00:00,,,51.520408,-0.085231,Male,18-24,Other ethnic group - Not stated,White,Misuse of Drugs Act 1971 (section 23),Controlled drugs,Arrest,True,False
Person search,2019-08-05T11:09:40+00:00,,,51.516476,-0.111181,Female,18-24,Other ethnic group - Not stated,White,Police and Criminal Evidence Act 1984 (section 1),Article for use in theft,Arrest,True,False
Person and Vehicle search,2019-08-06T00:09:19+00:00,,,,,Male,over 34,Other ethnic group - Not stated,Black,Misuse of Drugs Act 1971 (section 23),Controlled drugs,Arrest,True,False
Person and Vehicle search,2019-08-06T01:46:01+00:00,,,51.511625,-0.081549,Female,25-34,White - English/Welsh/Scottish/Northern Irish/British,White,Misuse of Drugs Act 1971 (section 23),Controlled drugs,A no further action disposal,False,False
Person search,2019-08-06T04:32:52+00:00,,,51.513377,-0.096363,Male,25-34,White - English/Welsh/Scottish/Northern Irish/British,White,Misuse of Drugs Act 1971 (section 23),Controlled drugs,Khat or Cannabis warning,True,False
Person search,2019-08-06T06:51:54+00:00,,,51.512651,-0.086550,Female,25-34,Black/African/Caribbean/Black British - Any other Black/African/Caribbean background,Black,Police and Criminal Evidence Act 1984 (section 1),Stolen goods,Arrest,True,False
Person search,2019-08-06T07:05:28+00:00,,,51.516062,-0.110592,Male,18-24,Other ethnic group - Not stated,White,Police and Criminal Evidence Act 1984 (section 1),Offensive weapons,Arrest,True,False
Person search,2019-08-06T10:49:47+00:00,,,51.517244,-0.080376,Male,25-34,Asian/Asian British - Any other Asian background,Other,Police and Criminal Evidence Act 1984 (section 1),Article for use in theft,Arrest,False,False
Person search,2019-08-07T02:06:07+00:00,,,51.520678,-0.080318,Male,over 34,Other ethnic group - Not stated,White,Police and Criminal Evidence Act 1984 (section 1),Evidence of offences under the Act,A no further action disposal,False,False
Person search,2019-08-07T03:07:53+00:00,,,51.516233,-0.077392,Male,over 34,White - English/Welsh/Scottish/Northern Irish/British,White,Police and Criminal Evidence Act 1984 (section 1),Offensive weapons,A no further action disposal,False,False
Person and Vehicle search,2019-08-07T05:14:56+00:00,,,51.516814,-0.081620,Male,25-34,Asian/Asian British - Bangladeshi,Asian,Misuse of Drugs Act 1971 (section 23),Controlled drugs,Arrest,True,False
Person search,2019-08-07T06:28:45+00:00,,,51.511407,-0.083086,Male,10-17,White - English/Welsh/Scottish/Northern Irish/British,White,Police and Criminal Evidence Act 1984 (section 1),Article for use in theft,A no further action disposal,False,False
Person search,2019-08-07T06:34:03+00:00,,,51.511407,-0.083086,Male,18-24,Asian/Asian British - Any other Asian background,Asian,Police and Criminal Evidence Act 1984 (section 1),Article for use in theft,A no further action disposal,False,False
Person search,2019-08-07T10:42:20+00:00,,,,,Male,over 34,Asian/Asian British - Any other Asian background,Asian,Police and Criminal Evidence Act 1984 (section 1),Article for use in theft,A no further action disposal,False,False
Person search,2019-08-08T00:25:28+00:00,,,,,Male,over 34,Other ethnic group - Not stated,Black,Police and Criminal Evidence Act 1984 (section 1),Stolen goods,A no further action disposal,True,False
Person search,2019-08-08T01:01:20+00:00,,,51.509547,-0.076031,Male,25-34,White - Any other White background,White,Police and Criminal Evidence Act 1984 (section 1),Stolen goods,A no further action disposal,False,False
Person search,2019-08-08T01:10:54+00:00,,,,,Male,over 34,White - Any other White background,White,Police and Criminal Evidence Act 1984 (section 1),Stolen goods,A no further action disposal,False,False
Person and Vehicle search,2019-08-08T03:43:53+00:00,,,,,Male,18-24,White - Any other White background,White,Misuse of Drugs Act 1971 (section 23),Controlled drugs,Arrest,True,False
Person and Vehicle search,2019-08-08T05:44:13+00:00,,,51.517149,-0.087760,Male,25-34,White - Any other White background,White,Misuse of Drugs Act 1971 (section 23),Controlled drugs,Arrest,True,True
Person search,2019-08-08T06:18:04+00:00,,,,,Male,over 34,Asian/Asian British - Indian,Asian,Police and Criminal Evidence Act 1984 (section 1),Article for use in theft,A no further action disposal,True,False
Person search,2019-08-08T08:07:15+00:00,,,51.513454,-0.091720,Male,18-24,Black/African/Caribbean/Black British - African,Black,Police and Criminal Evidence Act 1984 (section 1),Article for use in theft,A no further action disposal,True,False
Person and Vehicle search,2019-08-08T11:09:52+00:00,,,,,Male,18-24,White - Any other White background,White,Misuse of Drugs Act 1971 (section 23),Controlled drugs,Arrest,True,False
Person search,2019-08-09T01:49:41+00:00,,,,,Male,25-34,Other ethnic group - Not stated,Asian,Firearms Act 1968 (section 47),Firearms,A no further action disposal,False,False
Person search,2019-08-09T02:09:24+00:00,,,51.523809,-0.053158,Male,25-34,Asian/Asian British - Any other Asian background,Asian,Firearms Act 1968 (section 47),Firearms,A no further action disposal,False,False
Person search,2019-08-09T02:16:52+00:00,,,51.523809,-0.053158,Male,25-34,Mixed/Multiple ethnic groups - Any other Mixed/Multiple ethnic background,Asian,Firearms Act 1968 (section 47),Firearms,A no further action disposal,False,False
Person and Vehicle search,2019-08-09T07:33:56+00:00,,,,,Male,18-24,White - Any other White background,White,Misuse of Drugs Act 1971 (section 23),Controlled drugs,A no further action disposal,False,False
Person search,2019-08-10T00:41:28+00:00,,,,,Male,10-17,Other ethnic group - Not stated,White,Misuse of Drugs Act 1971 (section 23),Controlled drugs,A no further action disposal,False,False
Person search,2019-08-10T02:45:20+00:00,,,,,Male,over 34,Other ethnic group - Not stated,White,Police and Criminal Evidence Act 1984 (section 1),Stolen goods,A no further action disposal,False,False
Person and Vehicle search,2019-08-10T02:51:07+00:00,,,51.500969,-0.124933,Male,10-17,Black/African/Caribbean/Black British - African,Black,Misuse of Drugs Act 1971 (section 23),Controlled drugs,Arrest,True,False
Person and Vehicle search,2019-08-10T05:00:02+00:00,,,51.517146,-0.098642,Male,18-24,Other ethnic group - Not stated,White,Misuse of Drugs Act 1971 (section 23),Controlled drugs,Arrest,True,False
Person and Vehicle search,2019-08-10T06:55:51+00:00,,,51.511466,-0.104442,Male,25-34,White - English/Welsh/Scottish/Northern Irish/British,White,Misuse of Drugs Act 1971 (section 23),Controlled drugs,Arrest,True,False
Person search,2019-08-10T06:56:06+00:00,,,51.511420,-0.097699,Male,25-34,White - Any other White background,White,Misuse of Drugs Act 1971 (section 23),Controlled drugs,Arrest,False,True
Person search,2019-08-10T08:18:48+00:00,,,51.517680,-0.078484,Male,over 34,Asian/Asian British - Bangladeshi,Asian,Police and Criminal Evidence Act 1984 (section 1),Article for use in theft,A no further action disposal,False,False
Person search,2019-08-11T04:35:24+00:00,,,51.518433,-0.078856,Male,25-34,Black/African/Caribbean/Black British - African,Black,Police and Criminal Evidence Act 1984 (section 1),Stolen goods,Arrest,False,False
Person search,2019-08-11T04:41:48+00:00,,,51.518433,-0.078856,Male,25-34,Black/African/Caribbean/Black British - African,Black,Police and Criminal Evidence Act 1984 (section 1),Stolen goods,Arrest,False,False
Person search,2019-08-11T05:46:09+00:00,,,51.517297,-0.102412,Male,over 34,Other ethnic group - Not stated,Asian,Police and Criminal Evidence Act 1984 (section 1),Article for use in theft,A no further action disposal,False,False
Person search,2019-08-11T09:43:17+00:00,,,51.518077,-0.093948,Male,over 34,Other ethnic group - Not stated,White,Police and Criminal Evidence Act 1984 (section 1),Article for use in theft,A no further action disposal,False,False
Person and Vehicle search,2019-08-12T01:27:03+00:00,,,51.513377,-0.096363,Male,25-34,Black/African/Caribbean/Black British - Caribbean,Black,Misuse of Drugs Act 1971 (section 23),Controlled drugs,A no further action disposal,False,False
Person and Vehicle search,2019-08-12T03:07:18+00:00,,,51.513194,-0.092321,Male,18-24,Other ethnic group - Not stated,Black,Misuse of Drugs Act 1971 (section 23),Evidence of offences under the Act,Khat or Cannabis warning,True,False
Person and Vehicle search,2019-08-13T06:01:46+00:00,,,51.516814,-0.081620,Male,18-24,White - Any other White background,White,Misuse of Drugs Act 1971 (section 23),Controlled drugs,Arrest,True,False
Person search,2019-08-13T06:02:06+00:00,,,51.516614,-0.107485,Male,18-24,Asian/Asian British - Pakistani,Other,Misuse of Drugs Act 1971 (section 23),Controlled drugs,A no further action disposal,False,False
Person and Vehicle search,2019-08-13T06:04:51+00:00,,,51.516814,-0.081620,Male,18-24,White - Any other White background,White,Misuse of Drugs Act 1971 (section 23),Controlled drugs,Arrest,False,False
Person search,2019-08-13T11:41:48+00:00,,,51.518864,-0.097562,Male,10-17,Other ethnic group - Not stated,Black,Police and Criminal Evidence Act 1984 (section 1),Stolen goods,A no further action disposal,False,False
Person search,2019-08-13T11:52:06+00:00,,,51.518864,-0.097562,Male,,,,Police and Criminal Evidence Act 1984 (section 1),Stolen goods,A no further action disposal,False,False
Person search,2019-08-14T01:31:08+00:00,,,51.514513,-0.096561,Male,18-24,Mixed/Multiple ethnic groups - Any other Mixed/Multiple ethnic background,White,Police and Criminal Evidence Act 1984 (section 1),Article for use in theft,Arrest,True,False
Person and Vehicle search,2019-08-14T08:44:58+00:00,,,,,Male,18-24,Asian/Asian British - Any other Asian background,Asian,Misuse of Drugs Act 1971 (section 23),Controlled drugs,Arrest,True,False
Person search,2019-08-14T09:22:26+00:00,,,51.512598,-0.084967,Female,over 34,White - Any other White background,White,Police and Criminal Evidence Act 1984 (section 1),Stolen goods,Arrest,False,False
Person search,2019-08-15T07:05:57+00:00,,,,,Male,18-24,White - English/Welsh/Scottish/Northern Irish/British,White,Misuse of Drugs Act 1971 (section 23),Controlled drugs,A no further action disposal,False,False
Person and Vehicle search,2019-08-16T02:42:11+00:00,,,51.512651,-0.086550,Male,over 34,Other ethnic group - Not stated,Asian,Police and Criminal Evidence Act 1984 (section 1),Article for use in theft,Arrest,True,False
Person and Vehicle search,2019-08-16T03:47:00+00:00,,,51.512651,-0.086550,Male,over 34,Asian/Asian British - Indian,Asian,Police and Criminal Evidence Act 1984 (section 1),Article for use in theft,Arrest,True,False
Person search,2019-08-16T07:15:49+00:00,,,,,Male,18-24,White - English/Welsh/Scottish/Northern Irish/British,White,Misuse of Drugs Act 1971 (section 23),Controlled drugs,A no further action disposal,False,False
Person search,2019-08-16T07:28:21+00:00,,,,,Male,over 34,Other ethnic group - Not stated,White,Police and Criminal Evidence Act 1984 (section 1),Stolen goods,Community resolution,False,False
Person search,2019-08-16T08:10:02+00:00,,,51.516814,-0.081620,Male,over 34,White - Any other White background,White,Police and Criminal Evidence Act 1984 (section 1),Stolen goods,A no further action disposal,False,False
Person search,2019-08-16T08:20:05+00:00,,,,,Male,25-34,White - Any other White background,White,Misuse of Drugs Act 1971 (section 23),Controlled drugs,A no further action disposal,False,False
Person and Vehicle search,2019-08-16T09:39:57+00:00,,,51.517058,-0.083296,Male,25-34,White - English/Welsh/Scottish/Northern Irish/British,White,Misuse of Drugs Act 1971 (section 23),Controlled drugs,Arrest,True,False
Person search,2019-08-16T10:52:37+00:00,,,,,Male,10-17,White - English/Welsh/Scottish/Northern Irish/British,White,Police and Criminal Evidence Act 1984 (section 1),Article for use in theft,Summons / charged by post,False,False
Person search,2019-08-16T11:08:20+00:00,,,,,Male,25-34,Black/African/Caribbean/Black British - African,Black,Police and Criminal Evidence Act 1984 (section 1),Article for use in theft,A no further action disposal,False,False
Person search,2019-08-17T00:55:56+00:00,,,51.510924,-0.091494,Male,25-34,Other ethnic group - Not stated,White,Misuse of Drugs Act 1971 (section 23),Controlled drugs,A no further action disposal,False,False
Person search,2019-08-17T00:56:41+00:00,,,51.517265,-0.110471,Male,10-17,Other ethnic group - Not stated,White,Police and Criminal Evidence Act 1984 (section 1),Stolen goods,A no further action disposal,False,False
Person search,2019-08-17T01:49:07+00:00,,,51.517265,-0.110471,Male,25-34,Other ethnic group - Not stated,White,Police and Criminal Evidence Act 1984 (section 1),Article for use in theft,Community resolution,False,False
Person and Vehicle search,2019-08-17T03:14:14+00:00,,,,,Male,18-24,White - Any other White background,White,Misuse of Drugs Act 1971 (section 23),Controlled drugs,A no further action disposal,False,False
Person search,2019-08-17T03:39:16+00:00,,,51.518189,-0.082628,Male,18-24,White - English/Welsh/Scottish/Northern Irish/British,White,Misuse of Drugs Act 1971 (section 23),Controlled drugs,Arrest,True,False
Person search,2019-08-17T04:37:58+00:00,,,,,Male,18-24,Black/African/Caribbean/Black British - Any other Black/African/Caribbean background,Black,Misuse of Drugs Act 1971 (section 23),Controlled drugs,Community resolution,False,False
Person search,2019-08-17T05:35:41+00:00,,,51.511554,-0.079448,Male,25-34,White - Any other White background,White,Misuse of Drugs Act 1971 (section 23),Controlled drugs,Khat or Cannabis warning,False,False
Person search,2019-08-17T06:58:26+00:00,,,51.513114,-0.086272,Male,25-34,White - Any other White background,White,Misuse of Drugs Act 1971 (section 23),Controlled drugs,Community resolution,False,False
Person search,2019-08-17T10:12:21+00:00,,,51.518864,-0.097562,Female,18-24,Black/African/Caribbean/Black British - Caribbean,Black,Misuse of Drugs Act 1971 (section 23),Controlled drugs,A no further action disposal,False,False
Person search,2019-08-17T11:11:51+00:00,,,51.517265,-0.110471,Male,25-34,White - English/Welsh/Scottish/Northern Irish/British,White,Police and Criminal Evidence Act 1984 (section 1),Article for use in theft,A no further action disposal,False,False
Person search,2019-08-18T00:08:17+00:00,,,51.509344,-0.080665,Male,10-17,White - English/Welsh/Scottish/Northern Irish/British,White,Police and Criminal Evidence Act 1984 (section 1),Article for use in theft,Arrest,True,False
Person search,2019-08-18T01:16:05+00:00,,,51.517431,-0.082458,Male,,,,Police and Criminal Evidence Act 1984 (section 1),Stolen goods,A no further action disposal,False,False
Person search,2019-08-18T03:21:33+00:00,,,,,Male,18-24,Other ethnic group - Not stated,Black,Police and Criminal Evidence Act 1984 (section 1),Article for use in theft,A no further action disposal,False,False
Person and Vehicle search,2019-08-18T06:11:22+00:00,,,,,Male,25-34,Black/African/Caribbean/Black British - Any other Black/African/Caribbean background,Black,Misuse of Drugs Act 1971 (section 23),Controlled drugs,A no further action disposal,True,False
Person and Vehicle search,2019-08-19T04:42:46+00:00,,,51.512652,-0.092719,Male,25-34,Other ethnic group - Not stated,Asian,Misuse of Drugs Act 1971 (section 23),Controlled drugs,Arrest,True,False
Person and Vehicle search,2019-08-19T04:45:52+00:00,,,51.512652,-0.092719,Male,25-34,Other ethnic group - Not stated,Asian,Misuse of Drugs Act 1971 (section 23),Controlled drugs,Arrest,True,False
Person and Vehicle search,2019-08-19T09:42:57+00:00,,,51.514763,-0.075508,Male,over 34,White - English/Welsh/Scottish/Northern Irish/British,White,Misuse of Drugs Act 1971 (section 23),Controlled drugs,A no further action disposal,False,False
Person search,2019-08-20T01:31:01+00:00,,,,,Male,18-24,Other ethnic group - Not stated,White,Police and Criminal Evidence Act 1984 (section 1),Stolen goods,Arrest,False,False
Person search,2019-08-20T01:35:28+00:00,,,51.514420,-0.094720,Male,25-34,Other ethnic group - Not stated,Asian,Misuse of Drugs Act 1971 (section 23),Controlled drugs,A no further action disposal,False,False
Person search,2019-08-20T02:46:18+00:00,,,51.512598,-0.084967,Female,18-24,White - Any other White background,White,Police and Criminal Evidence Act 1984 (section 1),Article for use in theft,Arrest,True,False
Person and Vehicle search,2019-08-20T03:25:20+00:00,,,51.517184,-0.076747,Male,18-24,Other ethnic group - Not stated,Asian,Misuse of Drugs Act 1971 (section 23),Controlled drugs,Khat or Cannabis warning,True,False
Person search,2019-08-20T05:34:44+00:00,,,51.512598,-0.084967,Female,10-17,White - Any other White background,White,Police and Criminal Evidence Act 1984 (section 1),Stolen goods,Arrest,True,False
Person search,2019-08-20T05:42:44+00:00,,,51.512598,-0.084967,Female,10-17,White - Any other White background,White,Police and Criminal Evidence Act 1984 (section 1),Stolen goods,Arrest,True,False
Person search,2019-08-20T05:50:58+00:00,,,51.515390,-0.070437,Female,18-24,Other ethnic group - Not stated,White,Misuse of Drugs Act 1971 (section 23),Controlled drugs,A no further action disposal,False,False
Person search,2019-08-20T06:04:48+00:00,,,51.515390,-0.070437,Female,10-17,Other ethnic group - Not stated,White,Misuse of Drugs Act 1971 (section 23),Controlled drugs,A no further action disposal,False,False
Person and Vehicle search,2019-08-20T07:18:42+00:00,,,51.515390,-0.070437,Male,18-24,White - Any other White background,White,Misuse of Drugs Act 1971 (section 23),Controlled drugs,A no further action disposal,False,False
Person and Vehicle search,2019-08-21T02:38:21+00:00,,,51.516347,-0.104887,Male,25-34,Other ethnic group - Not stated,Black,Misuse of Drugs Act 1971 (section 23),Controlled drugs,A no further action disposal,False,False
Person search,2019-08-21T03:22:21+00:00,,,51.512650,-0.101452,Male,18-24,Other ethnic group - Not stated,White,Police and Criminal Evidence Act 1984 (section 1),Article for use in theft,A no further action disposal,False,False
Person search,2019-08-21T06:41:11+00:00,,,51.474505,-0.121670,Male,18-24,White - English/Welsh/Scottish/Northern Irish/British,White,Police and Criminal Evidence Act 1984 (section 1),Offensive weapons,A no further action disposal,False,False
Person search,2019-08-21T07:05:01+00:00,,,51.471036,-0.125715,Male,25-34,Black/African/Caribbean/Black British - Caribbean,Black,Police and Criminal Evidence Act 1984 (section 1),Offensive weapons,A no further action disposal,True,False
Person search,2019-08-21T07:19:20+00:00,,,51.471036,-0.125715,Male,,,,Police and Criminal Evidence Act 1984 (section 1),Offensive weapons,A no further action disposal,False,False
Person search,2019-08-21T07:54:29+00:00,,,,,Male,25-34,Black/African/Caribbean/Black British - Caribbean,Black,Misuse of Drugs Act 1971 (section 23),Controlled drugs,A no further action disposal,False,False
Person and Vehicle search,2019-08-21T08:09:53+00:00,,,51.517431,-0.082458,Male,18-24,Other ethnic group - Not stated,Black,Misuse of Drugs Act 1971 (section 23),Controlled drugs,A no further action disposal,False,True
Person and Vehicle search,2019-08-22T00:39:40+00:00,,,51.467042,-0.125633,Male,25-34,Other ethnic group - Not stated,Black,Misuse of Drugs Act 1971 (section 23),Controlled drugs,A no further action disposal,False,False
Person search,2019-08-22T06:40:56+00:00,,,51.521853,-0.094468,Male,18-24,Asian/Asian British - Any other Asian background,Asian,Misuse of Drugs Act 1971 (section 23),Controlled drugs,Arrest,True,False
Person and Vehicle search,2019-08-22T07:12:08+00:00,,,51.521853,-0.094468,Male,18-24,Asian/Asian British - Any other Asian background,Asian,Misuse of Drugs Act 1971 (section 23),Controlled drugs,Arrest,True,False
Person and Vehicle search,2019-08-22T07:36:05+00:00,,,51.522956,-0.193713,Male,18-24,Other ethnic group - Not stated,Asian,Misuse of Drugs Act 1971 (section 23),Controlled drugs,Arrest,True,False
Person and Vehicle search,2019-08-22T07:56:52+00:00,,,51.510828,-0.086166,Male,18-24,Asian/Asian British - Any other Asian background,Asian,Misuse of Drugs Act 1971 (section 23),Controlled drugs,A no further action disposal,True,False
Person search,2019-08-23T01:08:47+00:00,,,51.517244,-0.080376,Male,25-34,White - Any other White background,White,Police and Criminal Evidence Act 1984 (section 1),Article for use in theft,A no further action disposal,False,False
Person search,2019-08-23T07:28:31+00:00,,,51.517576,-0.079786,Male,18-24,White - Any other White background,White,Misuse of Drugs Act 1971 (section 23),Controlled drugs,A no further action disposal,False,False
Person search,2019-08-23T07:53:11+00:00,,,,,Male,over 34,Asian/Asian British - Chinese,Asian,Police and Criminal Evidence Act 1984 (section 1),,Arrest,True,False
Person and Vehicle search,2019-08-23T07:55:26+00:00,,,51.516814,-0.081620,Male,25-34,Other ethnic group - Not stated,White,Misuse of Drugs Act 1971 (section 23),Controlled drugs,Arrest,True,False
Person and Vehicle search,2019-08-23T07:58:58+00:00,,,51.520985,-0.078749,Male,25-34,White - Any other White background,White,Misuse of Drugs Act 1971 (section 23),Controlled drugs,A no further action disposal,True,True
Person and Vehicle search,2019-08-23T08:00:49+00:00,,,51.520985,-0.078749,Male,25-34,White - Any other White background,White,Misuse of Drugs Act 1971 (section 23),Controlled drugs,A no further action disposal,False,True
Person search,2019-08-23T08:56:38+00:00,,,,,Male,over 34,White - English/Welsh/Scottish/Northern Irish/British,White,Police and Criminal Evidence Act 1984 (section 1),Stolen goods,A no further action disposal,False,False
Person search,2019-08-24T04:20:23+00:00,,,,,Male,,,,Misuse of Drugs Act 1971 (section 23),Controlled drugs,A no further action disposal,False,False
Person search,2019-08-24T06:13:46+00:00,,,51.517680,-0.078484,Male,25-34,Other ethnic group - Not stated,White,Misuse of Drugs Act 1971 (section 23),Controlled drugs,A no further action disposal,False,True
Person search,2019-08-24T10:09:21+00:00,,,51.513377,-0.096363,Male,25-34,White - Any other White background,White,Police and Criminal Evidence Act 1984 (section 1),Stolen goods,Arrest,False,False
Person search,2019-08-25T01:33:16+00:00,,,51.519312,-0.103597,Male,10-17,Other ethnic group - Any other ethnic group,Black,Misuse of Drugs Act 1971 (section 23),Controlled drugs,A no further action disposal,False,False
Person search,2019-08-25T01:48:53+00:00,,,51.514203,-0.094628,Male,25-34,Other ethnic group - Not stated,Other,Misuse of Drugs Act 1971 (section 23),Controlled drugs,A no further action disposal,False,False
Person search,2019-08-25T01:52:05+00:00,,,,,Male,10-17,Black/African/Caribbean/Black British - Caribbean,Black,Police and Criminal Evidence Act 1984 (section 1),Offensive weapons,A no further action disposal,True,False
Person and Vehicle search,2019-08-25T01:53:56+00:00,,,51.519312,-0.103597,Female,18-24,Black/African/Caribbean/Black British - Caribbean,Black,Misuse of Drugs Act 1971 (section 23),Controlled drugs,Khat or Cannabis warning,True,False
Person and Vehicle search,2019-08-25T02:17:16+00:00,,,51.514203,-0.094628,Male,18-24,White - English/Welsh/Scottish/Northern Irish/British,White,Misuse of Drugs Act 1971 (section 23),Controlled drugs,Khat or Cannabis warning,True,False
Person search,2019-08-25T08:06:49+00:00,,,,,Male,25-34,Other ethnic group - Not stated,White,Misuse of Drugs Act 1971 (section 23),Controlled drugs,A no further action disposal,False,False
Person search,2019-08-25T08:16:13+00:00,,,,,Male,18-24,Black/African/Caribbean/Black British - African,Black,Police and Criminal Evidence Act 1984 (section 1),Article for use in theft,Arrest,True,False
Person search,2019-08-26T03:31:37+00:00,,,,,Male,18-24,Other ethnic group - Not stated,Other,Criminal Justice and Public Order Act 1994 (section 60),Offensive weapons,Arrest,True,True
Person search,2019-08-26T06:33:36+00:00,,,,,Male,over 34,Other ethnic group - Not stated,Asian,Police and Criminal Evidence Act 1984 (section 1),Stolen goods,Arrest,True,False
Person search,2019-08-26T07:50:20+00:00,,,,,Male,18-24,Asian/Asian British - Any other Asian background,Asian,Police and Criminal Evidence Act 1984 (section 1),Evidence of offences under the Act,Arrest,True,False
Person and Vehicle search,2019-08-26T09:01:33+00:00,,,51.521810,-0.097929,Male,25-34,Other ethnic group - Not stated,White,Misuse of Drugs Act 1971 (section 23),Controlled drugs,Arrest,True,False
Person search,2019-08-26T09:45:31+00:00,,,51.517576,-0.079786,Male,over 34,Other ethnic group - Not stated,White,Police and Criminal Evidence Act 1984 (section 1),Stolen goods,Arrest,False,False
Person search,2019-08-27T00:00:12+00:00,,,51.527286,-0.215815,Male,,,,Criminal Justice and Public Order Act 1994 (section 60),Offensive weapons,A no further action disposal,False,False
Person search,2019-08-27T00:02:02+00:00,,,51.527286,-0.215815,Male,,,,Criminal Justice and Public Order Act 1994 (section 60),Offensive weapons,A no further action disposal,False,False
Person search,2019-08-27T00:03:12+00:00,,,51.527286,-0.215815,Male,,,,Criminal Justice and Public Order Act 1994 (section 60),Offensive weapons,A no further action disposal,False,False
Person search,2019-08-27T00:04:03+00:00,,,51.527286,-0.215815,Male,,,,Criminal Justice and Public Order Act 1994 (section 60),Offensive weapons,A no further action disposal,False,False
Person search,2019-08-27T00:08:15+00:00,,,51.527286,-0.215815,Male,,,,Criminal Justice and Public Order Act 1994 (section 60),Offensive weapons,A no further action disposal,False,False
Person search,2019-08-27T00:09:14+00:00,,,51.527286,-0.215815,Male,,,,Criminal Justice and Public Order Act 1994 (section 60),Offensive weapons,A no further action disposal,False,False
Person search,2019-08-27T00:09:47+00:00,,,51.527286,-0.215815,Male,,,,Criminal Justice and Public Order Act 1994 (section 60),Offensive weapons,A no further action disposal,False,False
Person search,2019-08-27T00:12:18+00:00,,,51.527286,-0.215815,Male,,,,Criminal Justice and Public Order Act 1994 (section 60),Offensive weapons,A no further action disposal,False,False
Person search,2019-08-27T00:14:07+00:00,,,51.527286,-0.215815,Male,,,,Criminal Justice and Public Order Act 1994 (section 60),Offensive weapons,A no further action disposal,False,False
Person search,2019-08-27T00:14:12+00:00,,,51.527286,-0.215815,Male,,,,Police and Criminal Evidence Act 1984 (section 1),Offensive weapons,A no further action disposal,False,False
Person search,2019-08-27T00:17:47+00:00,,,51.527286,-0.215815,Male,,,,Criminal Justice and Public Order Act 1994 (section 60),Offensive weapons,A no further action disposal,False,False
Person search,2019-08-27T00:18:47+00:00,,,51.527286,-0.215815,Male,,,,Criminal Justice and Public Order Act 1994 (section 60),Offensive weapons,A no further action disposal,False,False
Person search,2019-08-27T00:20:33+00:00,,,51.527286,-0.215815,Male,,,,Police and Criminal Evidence Act 1984 (section 1),Offensive weapons,A no further action disposal,False,False
Person search,2019-08-27T00:20:59+00:00,,,51.527286,-0.215815,Male,,,,Criminal Justice and Public Order Act 1994 (section 60),Offensive weapons,A no further action disposal,False,False
Person search,2019-08-27T00:21:35+00:00,,,51.527286,-0.215815,Male,18-24,Other ethnic group - Any other ethnic group,Other,Police and Criminal Evidence Act 1984 (section 1),Offensive weapons,A no further action disposal,False,False
Person search,2019-08-27T00:23:35+00:00,,,51.527286,-0.215815,Male,,,,Criminal Justice and Public Order Act 1994 (section 60),Offensive weapons,A no further action disposal,False,False
Person search,2019-08-27T00:25:37+00:00,,,51.527286,-0.215815,Male,18-24,Other ethnic group - Not stated,Black,Criminal Justice and Public Order Act 1994 (section 60),Offensive weapons,A no further action disposal,False,False
Person search,2019-08-27T00:25:53+00:00,,,,,Male,,Asian/Asian British - Indian,Asian,Police and Criminal Evidence Act 1984 (section 1),Stolen goods,Arrest,False,False
Person search,2019-08-27T00:27:28+00:00,,,51.527286,-0.215815,Male,,,,Criminal Justice and Public Order Act 1994 (section 60),Offensive weapons,A no further action disposal,False,False
Person search,2019-08-27T00:28:32+00:00,,,51.527286,-0.215815,Male,,,,Criminal Justice and Public Order Act 1994 (section 60),Offensive weapons,A no further action disposal,False,False
Person search,2019-08-27T00:30:06+00:00,,,51.527286,-0.215815,Male,,,,Criminal Justice and Public Order Act 1994 (section 60),Offensive weapons,A no further action disposal,False,False
Person search,2019-08-27T00:30:18+00:00,,,51.527286,-0.215815,Male,,,,Police and Criminal Evidence Act 1984 (section 1),Offensive weapons,A no further action disposal,False,False
Person search,2019-08-27T00:32:32+00:00,,,51.527286,-0.215815,Male,,,,Police and Criminal Evidence Act 1984 (section 1),Offensive weapons,A no further action disposal,False,False
Person search,2019-08-27T00:34:21+00:00,,,51.527286,-0.215815,Male,,,,Criminal Justice and Public Order Act 1994 (section 60),Offensive weapons,A no further action disposal,False,False
Person search,2019-08-27T00:34:32+00:00,,,51.527286,-0.215815,Male,,,,Police and Criminal Evidence Act 1984 (section 1),Offensive weapons,A no further action disposal,False,False
Person search,2019-08-27T00:35:38+00:00,,,51.527286,-0.215815,Male,,,,Police and Criminal Evidence Act 1984 (section 1),Offensive weapons,A no further action disposal,False,False
Person search,2019-08-27T00:36:43+00:00,,,51.527286,-0.215815,Male,,,,Criminal Justice and Public Order Act 1994 (section 60),Offensive weapons,A no further action disposal,False,False
Person search,2019-08-27T00:37:44+00:00,,,51.527286,-0.215815,Male,,,,Police and Criminal Evidence Act 1984 (section 1),Offensive weapons,A no further action disposal,False,False
Person search,2019-08-27T00:38:10+00:00,,,51.527286,-0.215815,Male,,,,Criminal Justice and Public Order Act 1994 (section 60),Offensive weapons,A no further action disposal,False,False
Person search,2019-08-27T00:39:30+00:00,,,51.527286,-0.215815,Male,,,,Criminal Justice and Public Order Act 1994 (section 60),Offensive weapons,A no further action disposal,False,False
Person search,2019-08-27T00:40:09+00:00,,,51.527286,-0.215815,Male,,,,Criminal Justice and Public Order Act 1994 (section 60),Offensive weapons,A no further action disposal,False,False
Person search,2019-08-27T00:41:07+00:00,,,51.527286,-0.215815,Male,,,,Police and Criminal Evidence Act 1984 (section 1),Offensive weapons,A no further action disposal,False,False
Person search,2019-08-27T00:41:21+00:00,,,51.527286,-0.215815,Male,18-24,Black/African/Caribbean/Black British - African,Black,Police and Criminal Evidence Act 1984 (section 1),Offensive weapons,A no further action disposal,False,False
Person search,2019-08-27T00:41:25+00:00,,,51.527286,-0.215815,Male,,,,Criminal Justice and Public Order Act 1994 (section 60),Offensive weapons,A no further action disposal,False,False
Person search,2019-08-27T00:42:48+00:00,,,51.527286,-0.215815,Male,,,,Criminal Justice and Public Order Act 1994 (section 60),Offensive weapons,A no further action disposal,False,False
Person search,2019-08-27T00:42:58+00:00,,,51.527286,-0.215815,Male,,,,Criminal Justice and Public Order Act 1994 (section 60),Offensive weapons,A no further action disposal,False,False
Person search,2019-08-27T00:43:11+00:00,,,51.527286,-0.215815,Male,,,,Criminal Justice and Public Order Act 1994 (section 60),Offensive weapons,A no further action disposal,False,False
Person search,2019-08-27T00:44:35+00:00,,,51.527286,-0.215815,Male,,,,Police and Criminal Evidence Act 1984 (section 1),Offensive weapons,A no further action disposal,False,False
Person search,2019-08-27T00:44:39+00:00,,,51.527286,-0.215815,Female,over 34,Other ethnic group - Not stated,White,Police and Criminal Evidence Act 1984 (section 1),Offensive weapons,A no further action disposal,False,False
Person search,2019-08-27T00:44:39+00:00,,,51.527286,-0.215815,Male,,,,Criminal Justice and Public Order Act 1994 (section 60),Offensive weapons,A no further action disposal,False,False
Person search,2019-08-27T00:45:04+00:00,,,51.527286,-0.215815,Male,,,,Criminal Justice and Public Order Act 1994 (section 60),Offensive weapons,A no further action disposal,False,False
Person search,2019-08-27T00:45:56+00:00,,,51.527286,-0.215815,Male,,,,Criminal Justice and Public Order Act 1994 (section 60),Offensive weapons,A no further action disposal,False,False
Person search,2019-08-27T00:46:33+00:00,,,51.527286,-0.215815,Male,,,,Criminal Justice and Public Order Act 1994 (section 60),Offensive weapons,A no further action disposal,False,False
Person search,2019-08-27T00:47:26+00:00,,,51.527286,-0.215815,Male,,,,Police and Criminal Evidence Act 1984 (section 1),Offensive weapons,A no further action disposal,False,False
Person and Vehicle search,2019-08-27T00:47:32+00:00,,,,,Female,18-24,White - English/Welsh/Scottish/Northern Irish/British,White,Misuse of Drugs Act 1971 (section 23),Controlled drugs,A no further action disposal,False,False
Person search,2019-08-27T00:48:03+00:00,,,51.527286,-0.215815,Male,,,,Criminal Justice and Public Order Act 1994 (section 60),Offensive weapons,A no further action disposal,False,False
Person search,2019-08-27T00:48:41+00:00,,,51.527286,-0.215815,Male,,,,Police and Criminal Evidence Act 1984 (section 1),Offensive weapons,A no further action disposal,False,False
Person search,2019-08-27T00:48:44+00:00,,,51.527286,-0.215815,Male,,,,Criminal Justice and Public Order Act 1994 (section 60),Offensive weapons,A no further action disposal,False,False
Person search,2019-08-27T00:49:41+00:00,,,51.527286,-0.215815,Male,,,,Police and Criminal Evidence Act 1984 (section 1),Offensive weapons,A no further action disposal,False,False
Person search,2019-08-27T00:49:50+00:00,,,51.527286,-0.215815,Male,,,,Criminal Justice and Public Order Act 1994 (section 60),Offensive weapons,A no further action disposal,False,False
Person search,2019-08-27T00:51:06+00:00,,,51.527286,-0.215815,Male,,,,Criminal Justice and Public Order Act 1994 (section 60),Offensive weapons,A no further action disposal,False,False
Person search,2019-08-27T00:52:06+00:00,,,51.527286,-0.215815,Male,,,,Criminal Justice and Public Order Act 1994 (section 60),Offensive weapons,A no further action disposal,False,False
Person search,2019-08-27T00:53:24+00:00,,,51.527286,-0.215815,Male,,,,Criminal Justice and Public Order Act 1994 (section 60),Offensive weapons,A no further action disposal,False,False
Person search,2019-08-27T00:53:55+00:00,,,51.527286,-0.215815,Male,,,,Police and Criminal Evidence Act 1984 (section 1),Offensive weapons,A no further action disposal,False,False
Person search,2019-08-27T00:55:05+00:00,,,51.527286,-0.215815,Male,,,,Criminal Justice and Public Order Act 1994 (section 60),Offensive weapons,A no further action disposal,False,False
Person search,2019-08-27T00:55:07+00:00,,,51.527286,-0.215815,Male,,,,Police and Criminal Evidence Act 1984 (section 1),Offensive weapons,A no further action disposal,False,False
Person search,2019-08-27T00:55:55+00:00,,,51.527286,-0.215815,Male,,,,Criminal Justice and Public Order Act 1994 (section 60),Offensive weapons,A no further action disposal,False,False
Person search,2019-08-27T00:55:56+00:00,,,51.527286,-0.215815,Male,,,,Criminal Justice and Public Order Act 1994 (section 60),Offensive weapons,A no further action disposal,False,False
Person search,2019-08-27T00:56:08+00:00,,,51.527286,-0.215815,Male,,,,Criminal Justice and Public Order Act 1994 (section 60),Offensive weapons,A no further action disposal,False,False
Person search,2019-08-27T00:56:56+00:00,,,51.527286,-0.215815,Male,,,,Criminal Justice and Public Order Act 1994 (section 60),Offensive weapons,A no further action disposal,False,False
Person search,2019-08-27T00:57:35+00:00,,,51.527286,-0.215815,Male,18-24,Black/African/Caribbean/Black British - Any other Black/African/Caribbean background,Black,Criminal Justice and Public Order Act 1994 (section 60),Offensive weapons,A no further action disposal,False,False
Person search,2019-08-27T00:57:49+00:00,,,51.527286,-0.215815,Male,,,,Criminal Justice and Public Order Act 1994 (section 60),Offensive weapons,A no further action disposal,False,False
Person search,2019-08-27T00:57:57+00:00,,,51.527286,-0.215815,Male,,,,Criminal Justice and Public Order Act 1994 (section 60),Offensive weapons,A no further action disposal,False,False
Person search,2019-08-27T00:58:31+00:00,,,51.527286,-0.215815,Male,,,,Criminal Justice and Public Order Act 1994 (section 60),Offensive weapons,A no further action disposal,False,False
Person search,2019-08-27T00:58:53+00:00,,,51.527286,-0.215815,Male,,,,Criminal Justice and Public Order Act 1994 (section 60),Offensive weapons,A no further action disposal,False,False
Person search,2019-08-27T00:59:01+00:00,,,51.527286,-0.215815,Male,,,,Criminal Justice and Public Order Act 1994 (section 60),Offensive weapons,A no further action disposal,False,False
Person search,2019-08-27T00:59:07+00:00,,,51.527286,-0.215815,Male,,,,Police and Criminal Evidence Act 1984 (section 1),Offensive weapons,A no further action disposal,False,False
Person search,2019-08-27T00:59:23+00:00,,,51.527286,-0.215815,Male,,,,Criminal Justice and Public Order Act 1994 (section 60),Offensive weapons,A no further action disposal,False,False
Person search,2019-08-27T00:59:42+00:00,,,51.527286,-0.215815,Male,,,,Criminal Justice and Public Order Act 1994 (section 60),Offensive weapons,A no further action disposal,False,False
Person search,2019-08-27T01:00:38+00:00,,,51.527286,-0.215815,Male,,,,Criminal Justice and Public Order Act 1994 (section 60),Offensive weapons,A no further action disposal,False,False
Person search,2019-08-27T01:01:20+00:00,,,51.527286,-0.215815,Male,,,,Criminal Justice and Public Order Act 1994 (section 60),Offensive weapons,A no further action disposal,False,False
Person search,2019-08-27T01:01:40+00:00,,,51.527286,-0.215815,Male,,,,Criminal Justice and Public Order Act 1994 (section 60),Offensive weapons,A no further action disposal,False,False
Person search,2019-08-27T01:01:42+00:00,,,51.527286,-0.215815,Male,,,,Criminal Justice and Public Order Act 1994 (section 60),Offensive weapons,A no further action disposal,False,False
Person search,2019-08-27T01:01:55+00:00,,,51.527286,-0.215815,Male,,,,Criminal Justice and Public Order Act 1994 (section 60),Offensive weapons,A no further action disposal,False,False
Person search,2019-08-27T01:02:14+00:00,,,51.527286,-0.215815,Male,,,,Police and Criminal Evidence Act 1984 (section 1),Offensive weapons,A no further action disposal,False,False
Person search,2019-08-27T01:03:12+00:00,,,51.527286,-0.215815,Male,,,,Criminal Justice and Public Order Act 1994 (section 60),Offensive weapons,A no further action disposal,False,False
Person search,2019-08-27T01:04:06+00:00,,,51.527286,-0.215815,Male,,,,Criminal Justice and Public Order Act 1994 (section 60),Offensive weapons,A no further action disposal,False,False
Person search,2019-08-27T01:04:30+00:00,,,51.527286,-0.215815,Male,,Other ethnic group - Not stated,Black,Police and Criminal Evidence Act 1984 (section 1),Offensive weapons,A no further action disposal,False,False
Person search,2019-08-27T01:04:50+00:00,,,51.527286,-0.215815,Male,,,,Police and Criminal Evidence Act 1984 (section 1),Offensive weapons,A no further action disposal,False,False
Person search,2019-08-27T01:05:01+00:00,,,51.527286,-0.215815,Male,,,,Criminal Justice and Public Order Act 1994 (section 60),Offensive weapons,A no further action disposal,False,False
Person search,2019-08-27T01:05:21+00:00,,,51.527286,-0.215815,Male,,,,Criminal Justice and Public Order Act 1994 (section 60),Offensive weapons,A no further action disposal,False,False
Person search,2019-08-27T01:07:32+00:00,,,51.527286,-0.215815,Male,18-24,Black/African/Caribbean/Black British - Caribbean,Black,Criminal Justice and Public Order Act 1994 (section 60),Offensive weapons,A no further action disposal,False,False
Person search,2019-08-27T01:07:45+00:00,,,51.527286,-0.215815,Male,,,,Police and Criminal Evidence Act 1984 (section 1),Offensive weapons,A no further action disposal,False,False
Person search,2019-08-27T01:08:56+00:00,,,51.527286,-0.215815,Male,,,,Police and Criminal Evidence Act 1984 (section 1),Offensive weapons,A no further action disposal,False,False
Person search,2019-08-27T01:09:19+00:00,,,51.527286,-0.215815,Male,,,,Police and Criminal Evidence Act 1984 (section 1),Offensive weapons,A no further action disposal,False,False
Person search,2019-08-27T01:11:33+00:00,,,51.527286,-0.215815,Male,25-34,Other ethnic group - Not stated,White,Police and Criminal Evidence Act 1984 (section 1),Offensive weapons,A no further action disposal,True,False
Person search,2019-08-27T01:19:56+00:00,,,51.527286,-0.215815,Male,,,,Criminal Justice and Public Order Act 1994 (section 60),Offensive weapons,A no further action disposal,False,False
Person search,2019-08-27T01:20:28+00:00,,,51.527286,-0.215815,Female,18-24,White - English/Welsh/Scottish/Northern Irish/British,White,Police and Criminal Evidence Act 1984 (section 1),Offensive weapons,Arrest,True,False
Person search,2019-08-27T01:21:19+00:00,,,51.527286,-0.215815,Male,,,,Criminal Justice and Public Order Act 1994 (section 60),Offensive weapons,A no further action disposal,False,False
Person search,2019-08-27T01:23:36+00:00,,,51.527286,-0.215815,Male,10-17,Other ethnic group - Not stated,Black,Criminal Justice and Public Order Act 1994 (section 60),Offensive weapons,A no further action disposal,False,False
Person search,2019-08-27T01:26:31+00:00,,,51.527286,-0.215815,Male,18-24,Black/African/Caribbean/Black British - Caribbean,White,Police and Criminal Evidence Act 1984 (section 1),Offensive weapons,A no further action disposal,False,False
Person search,2019-08-27T01:31:22+00:00,,,51.527286,-0.215815,Male,,,,Police and Criminal Evidence Act 1984 (section 1),Offensive weapons,A no further action disposal,False,False
Person search,2019-08-27T01:33:55+00:00,,,51.527286,-0.215815,Female,,,,Criminal Justice and Public Order Act 1994 (section 60),Offensive weapons,A no further action disposal,False,False
Person search,2019-08-27T01:37:51+00:00,,,51.527286,-0.215815,Male,,,,Criminal Justice and Public Order Act 1994 (section 60),Offensive weapons,A no further action disposal,False,False
Person search,2019-08-27T01:38:54+00:00,,,51.527286,-0.215815,Male,,,,Criminal Justice and Public Order Act 1994 (section 60),Offensive weapons,A no further action disposal,False,False
Person search,2019-08-27T01:39:43+00:00,,,51.527286,-0.215815,Male,,,,Criminal Justice and Public Order Act 1994 (section 60),Offensive weapons,A no further action disposal,False,False
Person search,2019-08-27T01:40:09+00:00,,,,,Male,10-17,Other ethnic group - Not stated,Black,Criminal Justice and Public Order Act 1994 (section 60),Offensive weapons,A no further action disposal,False,False
Person search,2019-08-27T01:40:41+00:00,,,51.527286,-0.215815,Male,,,,Criminal Justice and Public Order Act 1994 (section 60),Offensive weapons,A no further action disposal,False,False
Person search,2019-08-27T01:41:32+00:00,,,51.527286,-0.215815,Male,,,,Criminal Justice and Public Order Act 1994 (section 60),Offensive weapons,A no further action disposal,False,False
Person search,2019-08-27T01:42:04+00:00,,,51.527286,-0.215815,Male,18-24,White - English/Welsh/Scottish/Northern Irish/British,White,Criminal Justice and Public Order Act 1994 (section 60),Offensive weapons,A no further action disposal,False,False
Person search,2019-08-27T01:42:57+00:00,,,51.527286,-0.215815,Male,,,,Criminal Justice and Public Order Act 1994 (section 60),Offensive weapons,A no further action disposal,False,False
Person and Vehicle search,2019-08-27T01:43:35+00:00,,,,,Female,18-24,White - English/Welsh/Scottish/Northern Irish/British,White,Misuse of Drugs Act 1971 (section 23),Controlled drugs,A no further action disposal,False,False
Person search,2019-08-27T01:43:40+00:00,,,51.527286,-0.215815,Male,,,,Criminal Justice and Public Order Act 1994 (section 60),Offensive weapons,A no further action disposal,False,False
Person search,2019-08-27T01:44:59+00:00,,,51.527286,-0.215815,Male,,,,Criminal Justice and Public Order Act 1994 (section 60),Offensive weapons,A no further action disposal,False,False
Person search,2019-08-27T01:45:45+00:00,,,51.527286,-0.215815,Male,,,,Criminal Justice and Public Order Act 1994 (section 60),Offensive weapons,A no further action disposal,False,False
Person search,2019-08-27T01:46:39+00:00,,,51.527286,-0.215815,Male,,,,Criminal Justice and Public Order Act 1994 (section 60),Offensive weapons,A no further action disposal,False,False
Person search,2019-08-27T01:48:04+00:00,,,51.527286,-0.215815,Male,,,,Criminal Justice and Public Order Act 1994 (section 60),Offensive weapons,A no further action disposal,False,False
Person search,2019-08-27T01:48:29+00:00,,,,,Male,10-17,White - English/Welsh/Scottish/Northern Irish/British,White,Criminal Justice and Public Order Act 1994 (section 60),Offensive weapons,A no further action disposal,False,False
Person search,2019-08-27T01:52:12+00:00,,,51.527286,-0.215815,Male,25-34,Other ethnic group - Not stated,White,Criminal Justice and Public Order Act 1994 (section 60),Offensive weapons,A no further action disposal,False,False
Person search,2019-08-27T01:59:56+00:00,,,51.527286,-0.215815,Male,18-24,Mixed/Multiple ethnic groups - Any other Mixed/Multiple ethnic background,Other,Criminal Justice and Public Order Act 1994 (section 60),Offensive weapons,A no further action disposal,False,False
Person search,2019-08-27T02:05:32+00:00,,,51.527286,-0.215815,Male,10-17,Black/African/Caribbean/Black British - Any other Black/African/Caribbean background,Black,Criminal Justice and Public Order Act 1994 (section 60),Offensive weapons,A no further action disposal,False,False
Person search,2019-08-27T02:08:35+00:00,,,51.527286,-0.215815,Male,25-34,Black/African/Caribbean/Black British - Any other Black/African/Caribbean background,Black,Criminal Justice and Public Order Act 1994 (section 60),Offensive weapons,A no further action disposal,False,False
Person search,2019-08-27T02:10:24+00:00,,,51.527286,-0.215815,Male,,,,Criminal Justice and Public Order Act 1994 (section 60),Offensive weapons,A no further action disposal,False,False
Person search,2019-08-27T03:14:23+00:00,,,51.527286,-0.215815,Male,,,,Criminal Justice and Public Order Act 1994 (section 60),Offensive weapons,A no further action disposal,False,False
Person search,2019-08-27T03:17:20+00:00,,,51.527286,-0.215815,Male,,,,Criminal Justice and Public Order Act 1994 (section 60),Offensive weapons,A no further action disposal,False,False
Person search,2019-08-27T03:18:55+00:00,,,51.527286,-0.215815,Male,,,,Criminal Justice and Public Order Act 1994 (section 60),Offensive weapons,A no further action disposal,False,False
Person search,2019-08-27T03:20:22+00:00,,,51.527286,-0.215815,Male,,,,Criminal Justice and Public Order Act 1994 (section 60),Offensive weapons,A no further action disposal,False,False
Person and Vehicle search,2019-08-27T03:26:22+00:00,,,51.520408,-0.085231,Male,25-34,White - English/Welsh/Scottish/Northern Irish/British,White,Misuse of Drugs Act 1971 (section 23),Controlled drugs,Arrest,True,False
Person search,2019-08-27T03:40:52+00:00,,,51.527286,-0.215815,Male,,,,Police and Criminal Evidence Act 1984 (section 1),Offensive weapons,A no further action disposal,False,False
Person search,2019-08-27T03:50:03+00:00,,,51.527286,-0.215815,Male,,,,Police and Criminal Evidence Act 1984 (section 1),Offensive weapons,A no further action disposal,False,False
Person search,2019-08-27T04:00:26+00:00,,,51.527286,-0.215815,Male,,,,Police and Criminal Evidence Act 1984 (section 1),Offensive weapons,A no further action disposal,False,False
Person search,2019-08-27T09:14:49+00:00,,,51.525845,-0.207409,Male,25-34,Asian/Asian British - Any other Asian background,Asian,Criminal Justice and Public Order Act 1994 (section 60),Offensive weapons,Community resolution,True,False
Person search,2019-08-27T11:56:19+00:00,,,51.527286,-0.215815,Male,,,,Criminal Justice and Public Order Act 1994 (section 60),Offensive weapons,A no further action disposal,False,False
Person search,2019-08-27T11:58:12+00:00,,,51.527286,-0.215815,Male,,,,Criminal Justice and Public Order Act 1994 (section 60),Offensive weapons,A no further action disposal,False,False
Person and Vehicle search,2019-08-28T00:54:00+00:00,,,,,Male,25-34,Asian/Asian British - Indian,Asian,Misuse of Drugs Act 1971 (section 23),Controlled drugs,Arrest,True,False
Person search,2019-08-28T01:17:14+00:00,,,,,Male,25-34,Other ethnic group - Not stated,White,Police and Criminal Evidence Act 1984 (section 1),Article for use in theft,Arrest,True,False
Person search,2019-08-28T06:15:10+00:00,,,51.513928,-0.108231,Male,25-34,Other ethnic group - Any other ethnic group,Other,Police and Criminal Evidence Act 1984 (section 1),Article for use in theft,A no further action disposal,False,False
Person search,2019-08-28T06:22:27+00:00,,,51.513928,-0.108231,Male,25-34,Other ethnic group - Any other ethnic group,Other,Police and Criminal Evidence Act 1984 (section 1),Article for use in theft,A no further action disposal,False,False
Person and Vehicle search,2019-08-28T10:16:20+00:00,,,,,Male,25-34,White - Any other White background,White,Misuse of Drugs Act 1971 (section 23),Controlled drugs,A no further action disposal,False,False
Person search,2019-08-28T10:55:38+00:00,,,51.514457,-0.073849,Male,25-34,Other ethnic group - Not stated,Asian,Police and Criminal Evidence Act 1984 (section 1),Stolen goods,Arrest,True,False
Person search,2019-08-29T00:59:51+00:00,,,51.527286,-0.215815,Male,,,,Criminal Justice and Public Order Act 1994 (section 60),Offensive weapons,A no further action disposal,False,False
Person and Vehicle search,2019-08-29T01:02:59+00:00,,,,,Male,25-34,Mixed/Multiple ethnic groups - White and Black Caribbean,White,Misuse of Drugs Act 1971 (section 23),Controlled drugs,Penalty Notice for Disorder,True,False
Person search,2019-08-29T01:13:59+00:00,,,,,Male,25-34,White - English/Welsh/Scottish/Northern Irish/British,White,Misuse of Drugs Act 1971 (section 23),Controlled drugs,A no further action disposal,False,False
Person search,2019-08-29T01:29:25+00:00,,,51.527286,-0.215815,Male,18-24,Other ethnic group - Not stated,Black,Criminal Justice and Public Order Act 1994 (section 60),Offensive weapons,A no further action disposal,False,False
Person search,2019-08-29T03:07:45+00:00,,,51.514158,-0.100179,Male,over 34,Asian/Asian British - Bangladeshi,Asian,Police and Criminal Evidence Act 1984 (section 1),Evidence of offences under the Act,A no further action disposal,False,False
Person search,2019-08-29T03:13:05+00:00,,,,,Male,18-24,Black/African/Caribbean/Black British - African,Black,Misuse of Drugs Act 1971 (section 23),Article for use in theft,Arrest,True,False
Person search,2019-08-29T03:22:26+00:00,,,51.514158,-0.100179,Male,25-34,Other ethnic group - Not stated,Asian,Police and Criminal Evidence Act 1984 (section 1),Evidence of offences under the Act,A no further action disposal,False,False
Person search,2019-08-29T03:22:31+00:00,,,,,Male,,White - English/Welsh/Scottish/Northern Irish/British,White,Police and Criminal Evidence Act 1984 (section 1),Article for use in theft,Arrest,True,False
Person search,2019-08-29T03:46:17+00:00,,,51.527286,-0.215815,Male,,,,Criminal Justice and Public Order Act 1994 (section 60),Offensive weapons,A no further action disposal,False,False
Person search,2019-08-29T04:30:56+00:00,,,51.527286,-0.215815,Male,,,,Criminal Justice and Public Order Act 1994 (section 60),Offensive weapons,A no further action disposal,False,False
Person search,2019-08-29T04:40:49+00:00,,,,,Male,25-34,White - English/Welsh/Scottish/Northern Irish/British,White,Police and Criminal Evidence Act 1984 (section 1),Article for use in theft,Arrest,True,False
Person search,2019-08-29T04:46:56+00:00,,,51.527286,-0.215815,Male,18-24,Other ethnic group - Not stated,Black,Criminal Justice and Public Order Act 1994 (section 60),Offensive weapons,A no further action disposal,False,False
Person search,2019-08-29T05:00:06+00:00,,,51.527286,-0.215815,Male,18-24,White - English/Welsh/Scottish/Northern Irish/British,White,Criminal Justice and Public Order Act 1994 (section 60),Offensive weapons,A no further action disposal,False,False
Person search,2019-08-29T05:12:13+00:00,,,51.527286,-0.215815,Male,,,,Criminal Justice and Public Order Act 1994 (section 60),Offensive weapons,A no further action disposal,True,False
Person and Vehicle search,2019-08-29T05:20:29+00:00,,,51.514276,-0.087549,Male,18-24,White - English/Welsh/Scottish/Northern Irish/British,White,Misuse of Drugs Act 1971 (section 23),Controlled drugs,Khat or Cannabis warning,True,False
Person and Vehicle search,2019-08-29T05:33:40+00:00,,,51.514276,-0.087549,Male,18-24,White - English/Welsh/Scottish/Northern Irish/British,White,Misuse of Drugs Act 1971 (section 23),Controlled drugs,A no further action disposal,False,False
Person and Vehicle search,2019-08-29T05:47:01+00:00,,,51.514276,-0.087549,Male,18-24,White - English/Welsh/Scottish/Northern Irish/British,White,Misuse of Drugs Act 1971 (section 23),Controlled drugs,Khat or Cannabis warning,True,False
Person and Vehicle search,2019-08-29T06:07:02+00:00,,,,,Male,25-34,Other ethnic group - Not stated,White,Police and Criminal Evidence Act 1984 (section 1),Stolen goods,A no further action disposal,False,False
Person and Vehicle search,2019-08-29T06:11:47+00:00,,,,,Male,18-24,White - English/Welsh/Scottish/Northern Irish/British,Other,Police and Criminal Evidence Act 1984 (section 1),Stolen goods,A no further action disposal,False,False
Person search,2019-08-29T07:04:01+00:00,,,,,Male,18-24,White - English/Welsh/Scottish/Northern Irish/British,White,Misuse of Drugs Act 1971 (section 23),Controlled drugs,A no further action disposal,False,False
Person search,2019-08-29T07:52:44+00:00,,,,,Male,10-17,White - English/Welsh/Scottish/Northern Irish/British,White,Police and Criminal Evidence Act 1984 (section 1),Article for use in theft,A no further action disposal,False,False
Person search,2019-08-29T07:57:44+00:00,,,,,Male,25-34,White - Any other White background,White,Misuse of Drugs Act 1971 (section 23),Controlled drugs,Khat or Cannabis warning,True,True
Person search,2019-08-29T09:22:30+00:00,,,51.516900,-0.084095,Male,10-17,White - English/Welsh/Scottish/Northern Irish/British,White,Police and Criminal Evidence Act 1984 (section 1),Stolen goods,A no further action disposal,False,False
Person search,2019-08-29T09:22:30+00:00,,,51.516900,-0.084095,Male,,,,Police and Criminal Evidence Act 1984 (section 1),Stolen goods,A no further action disposal,False,False
Person search,2019-08-29T09:39:15+00:00,,,51.511200,-0.085257,Male,over 34,Other ethnic group - Not stated,Black,Police and Criminal Evidence Act 1984 (section 1),Article for use in theft,A no further action disposal,False,False
Person search,2019-08-29T10:03:36+00:00,,,51.527286,-0.215815,Male,25-34,Asian/Asian British - Chinese,Asian,Criminal Justice and Public Order Act 1994 (section 60),Offensive weapons,A no further action disposal,False,False
Person search,2019-08-29T10:23:45+00:00,,,51.527286,-0.215815,Male,10-17,Other ethnic group - Not stated,Black,Criminal Justice and Public Order Act 1994 (section 60),Offensive weapons,A no further action disposal,False,False
Person search,2019-08-30T00:10:04+00:00,,,51.518262,-0.088203,Male,over 34,Asian/Asian British - Bangladeshi,Asian,Misuse of Drugs Act 1971 (section 23),Controlled drugs,A no further action disposal,True,False
Person search,2019-08-30T00:13:59+00:00,,,51.518680,-0.085173,Male,25-34,Black/African/Caribbean/Black British - African,Black,Misuse of Drugs Act 1971 (section 23),Evidence of offences under the Act,A no further action disposal,False,False
Person search,2019-08-30T00:25:37+00:00,,,51.518262,-0.088203,Male,over 34,Asian/Asian British - Bangladeshi,Asian,Misuse of Drugs Act 1971 (section 23),Controlled drugs,A no further action disposal,True,False
Person and Vehicle search,2019-08-30T02:04:18+00:00,,,51.518680,-0.085173,Male,25-34,Black/African/Caribbean/Black British - African,Black,Misuse of Drugs Act 1971 (section 23),Evidence of offences under the Act,A no further action disposal,True,False
Person search,2019-08-30T02:06:10+00:00,,,,,Male,over 34,Other ethnic group - Not stated,Asian,Police and Criminal Evidence Act 1984 (section 1),Article for use in theft,A no further action disposal,False,False
Person search,2019-08-30T03:12:50+00:00,,,51.518189,-0.082628,Male,25-34,Black/African/Caribbean/Black British - African,Black,Misuse of Drugs Act 1971 (section 23),Controlled drugs,A no further action disposal,False,False
Person search,2019-08-30T03:18:41+00:00,,,51.515033,-0.078250,Female,18-24,White - English/Welsh/Scottish/Northern Irish/British,White,Police and Criminal Evidence Act 1984 (section 1),Evidence of offences under the Act,A no further action disposal,False,False
Person and Vehicle search,2019-08-30T03:39:02+00:00,,,,,Male,25-34,Black/African/Caribbean/Black British - African,Black,Misuse of Drugs Act 1971 (section 23),Controlled drugs,Arrest,True,False
Person search,2019-08-30T03:45:01+00:00,,,,,Male,18-24,White - English/Welsh/Scottish/Northern Irish/British,White,Police and Criminal Evidence Act 1984 (section 1),Offensive weapons,Arrest,False,False
Person search,2019-08-30T04:18:32+00:00,,,,,Male,18-24,White - English/Welsh/Scottish/Northern Irish/British,White,Police and Criminal Evidence Act 1984 (section 1),Evidence of offences under the Act,A no further action disposal,False,False
Person search,2019-08-30T04:30:11+00:00,,,51.516014,-0.081091,Male,18-24,White - English/Welsh/Scottish/Northern Irish/British,White,Police and Criminal Evidence Act 1984 (section 1),Offensive weapons,A no further action disposal,False,False
Person search,2019-08-30T04:47:44+00:00,,,51.516014,-0.081091,Male,10-17,Other ethnic group - Not stated,White,Police and Criminal Evidence Act 1984 (section 1),Offensive weapons,A no further action disposal,False,False
Person search,2019-08-30T04:54:01+00:00,,,,,Male,18-24,White - English/Welsh/Scottish/Northern Irish/British,White,Police and Criminal Evidence Act 1984 (section 1),Offensive weapons,A no further action disposal,False,False
Person search,2019-08-30T05:59:33+00:00,,,51.517431,-0.082458,Male,over 34,White - Any other White background,White,Police and Criminal Evidence Act 1984 (section 1),Article for use in theft,A no further action disposal,True,False
Person and Vehicle search,2019-08-30T06:21:55+00:00,,,51.515100,-0.085669,Male,25-34,Black/African/Caribbean/Black British - African,Asian,Firearms Act 1968 (section 47),Controlled drugs,Arrest,True,False
Person search,2019-08-30T06:41:37+00:00,,,,,Male,,,,Police and Criminal Evidence Act 1984 (section 1),Offensive weapons,A no further action disposal,False,False
Person search,2019-08-30T06:51:22+00:00,,,,,Male,,,,Police and Criminal Evidence Act 1984 (section 1),Offensive weapons,A no further action disposal,False,False
Person search,2019-08-30T06:54:25+00:00,,,,,Male,,,,Police and Criminal Evidence Act 1984 (section 1),Offensive weapons,A no further action disposal,False,False
Person search,2019-08-30T06:57:10+00:00,,,,,Male,,,,Police and Criminal Evidence Act 1984 (section 1),Offensive weapons,A no further action disposal,False,False
Person search,2019-08-30T09:02:18+00:00,,,51.514088,-0.077655,Female,25-34,Other ethnic group - Not stated,White,Misuse of Drugs Act 1971 (section 23),Controlled drugs,Khat or Cannabis warning,True,False
Person search,2019-08-30T09:08:00+00:00,,,51.514088,-0.077655,Female,over 34,White - Any other White background,White,Misuse of Drugs Act 1971 (section 23),Controlled drugs,Khat or Cannabis warning,False,False
Person search,2019-08-30T10:50:52+00:00,,,51.520699,-0.097601,Male,over 34,White - Any other White background,White,Police and Criminal Evidence Act 1984 (section 1),Stolen goods,A no further action disposal,False,False
Person search,2019-08-30T10:51:47+00:00,,,,,Male,over 34,White - Any other White background,White,Police and Criminal Evidence Act 1984 (section 1),Stolen goods,A no further action disposal,False,False
Person search,2019-08-30T11:01:22+00:00,,,51.511200,-0.085257,Female,over 34,White - English/Welsh/Scottish/Northern Irish/British,White,Police and Criminal Evidence Act 1984 (section 1),Stolen goods,A no further action disposal,False,False
Person search,2019-08-31T00:05:02+00:00,,,51.511021,-0.079283,Male,25-34,White - Any other White background,White,Police and Criminal Evidence Act 1984 (section 1),Offensive weapons,A no further action disposal,False,False
Person search,2019-08-31T01:22:15+00:00,,,,,Male,25-34,White - Any other White background,White,Misuse of Drugs Act 1971 (section 23),Controlled drugs,A no further action disposal,False,False
Person and Vehicle search,2019-08-31T03:28:12+00:00,,,,,Male,25-34,Other ethnic group - Not stated,White,Misuse of Drugs Act 1971 (section 23),Controlled drugs,Khat or Cannabis warning,True,False
Person and Vehicle search,2019-08-31T03:52:13+00:00,,,51.520510,-0.081580,Male,,Other ethnic group - Not stated,White,Misuse of Drugs Act 1971 (section 23),Controlled drugs,Arrest,True,False
Person search,2019-08-31T04:05:32+00:00,,,51.517431,-0.082458,Male,18-24,Other ethnic group - Not stated,White,Misuse of Drugs Act 1971 (section 23),Controlled drugs,A no further action disposal,False,False
Person search,2019-08-31T11:29:59+00:00,,,,,Male,18-24,Black/African/Caribbean/Black British - African,White,Misuse of Drugs Act 1971 (section 23),Evidence of offences under the Act,A no further action disposal,False,False
Person search,2019-08-31T11:33:50+00:00,,,51.518433,-0.078856,Male,18-24,Black/African/Caribbean/Black British - African,Black,Misuse of Drugs Act 1971 (section 23),Controlled drugs,A no further action disposal,False,False
